"362500","16,021033218878927"
"256000","12,560787222365626"
"575500","23,927077614710257"
"106500","8,200867827871317"
"512000","21,422692582227405"
"319500","14,587139750884544"
"213000","11,247905328868265"
"63500","7,0905013128685175"
"469000","19,800006911994338"
"276500","13,20336131847451"
"170000","9,98142129040452"
"20500","6,138014995817927"
"426000","18,234036976936533"
"127000","8,762458445820227"
"489500","20,566414272326405"
"532500","22,216857734793162"
"383000","16,72279933807014"
"233500","11,867970279380128"
"553000","23,024608065844955"
"84000","7,6049850756232775"
"446500","18,973657165453737"
"340000","15,264379575487505"
"190500","10,579455432147958"
"41000","6,5737599467202115"
"596000","24,76408359039393"
"403500","17,43656918918226"
"297000","13,856930756445173"
"147500","9,33733791653756"
"360500","15,953203313612931"
"254000","12,498679045132839"
"573500","23,846176035143426"
"104500","8,14691993002772"
"510000","21,345931811173486"
"317500","14,521680452055048"
"211000","11,187976006990663"
"61500","7,042292452996911"
"467000","19,725929086407632"
"274500","13,140190054312345"
"168000","9,923641887674393"
"18500","6,0931821800494665"
"424000","18,162548277541596"
"125000","8,707039201567795"
"487500","20,491069275193286"
"530500","22,138783879601466"
"381000","16,653809210004624"
"231500","11,80700991697385"
"551000","22,945198657551295"
"82000","7,553383801820496"
"444500","18,90094560767472"
"338000","15,197800620397459"
"188500","10,52064824423864"
"39000","6,530592088715773"
"594000","24,681798073156763"
"401500","17,36639897461982"
"295000","13,792678738337084"
"145500","9,280730762707824"
"358500","15,885485549913827"
"252000","12,436673672907315"
"571500","23,76540822105238"
"102500","8,093141416439892"
"508000","21,26929795708376"
"315500","14,456329375892693"
"209000","11,128146688408972"
"59500","6,994496490972959"
"465000","19,651973739947906"
"272500","13,07712327073482"
"166000","9,86596398306088"
"16500","6,046651457042631"
"422000","18,091177773966578"
"123000","8,651747214381237"
"485500","20,415848853271154"
"528500","22,060839113170715"
"379000","16,58493314341075"
"229500","11,746150702650901"
"549000","22,865920546898252"
"80000","7,5020505167809315"
"442500","18,828354268846205"
"336000","15,13133173755865"
"186500","10,461940761083238"
"37000","6,48780950627302"
"592000","24,599648610169112"
"399500","17,296344774301115"
"293000","13,728532957181406"
"143500","9,224232565922692"
"356500","15,817879742229007"
"250000","12,374770948689225"
"569500","23,684773951211216"
"100500","8,039538406501833"
"506000","21,192790810037053"
"313500","14,391086343892876"
"207000","11,068417293795026"
"57500","6,9471273504132505"
"463000","19,578140670009525"
"270500","13,014160799986389"
"164000","9,808387937567625"
"14500","5,9977942213511035"
"420000","18,0199252706541"
"121000","8,596585268885011"
"483500","20,340752800500496"
"526500","21,983023221996213"
"377000","16,516170949537717"
"227500","11,685392504527563"
"547000","22,786773516734947"
"78000","7,45099750104036"
"440500","18,755882950083333"
"334000","15,064972744983534"
"184500","10,403333042019131"
"35000","6,4453635053577365"
"590000","24,517634976424944"
"397500","17,226406396256028"
"291000","13,66449323909211"
"141500","9,167844475970684"
"354500","15,750385705318548"
"248000","12,31297071696925"
"567500","23,604273004759442"
"98500","7,98611746930939"
"504000","21,11641016045842"
"311500","14,3259511779159"
"205000","11,008787751662204"
"55500","6,900197928193993"
"461000","19,50442967432056"
"268500","12,951302475091188"
"162000","9,750914157314606"
"12500","5,945751446540921"
"418000","17,948790572368274"
"119000","8,541556384835724"
"481500","20,265780911161446"
"524500","21,905335992925593"
"375000","16,447522439947043"
"225500","11,62473519417387"
"545000","22,707757350268984"
"76000","7,400237614579046"
"438500","18,68353145282849"
"332000","14,998723461009902"
"182500","10,344825166015982"
"33000","6,403189130497754"
"588000","24,43575694728989"
"395500","17,15658364883033"
"289000","13,600559410671035"
"139500","9,111567752456859"
"352500","15,68300325425578"
"246000","12,25127282383734"
"565500","23,52390516120129"
"96500","7,932885647478769"
"502000","21,040155799118644"
"309500","14,260923700193391"
"203000","10,94925799902904"
"53500","6,853719646782126"
"459000","19,430840550942193"
"266500","12,888548129898094"
"160000","9,693543097314818"
"522500","21,827777213158292"
"10500","5,889248778539221"
"416000","17,87777348419422"
"117000","8,486663834151383"
"479500","20,19093297987323"
"373000","16,37898742651237"
"223500","11,564178646895684"
"543000","22,628871831065883"
"74000","7,349784267974354"
"436500","18,611299578850733"
"330000","14,93258370430313"
"180500","10,286417233345139"
"31000","6,361201503241834"
"586000","24,354014298500566"
"393500","17,08687634068525"
"287000","13,536731299026158"
"137500","9,055403773590818"
"350500","15,615732204427722"
"244000","12,189677117101246"
"563500","23,443670200405094"
"94500","7,879850480629413"
"500000","20,964027517133545"
"307500","14,196003733335488"
"201000","10,889827982140181"
"51500","6,807701918498052"
"457000","19,35737309826814"
"264500","12,825897599129902"
"158000","9,636275265556584"
"520500","21,75034667024492"
"8500","5,826297243302894"
"414000","17,806873811537514"
"115000","8,431911158883672"
"477500","20,116208801593565"
"371000","16,310565721419323"
"221500","11,503722742041468"
"541000","22,550116743048463"
"72000","7,29965137856914"
"434500","18,53918713024519"
"328000","14,866553293858757"
"178500","10,228109367389653"
"29000","6,319291219694902"
"584000","24,272406806164042"
"391500","17,017284280797"
"285000","13,473008731791602"
"135500","8,999354045618432"
"348500","15,548572371535787"
"242000","12,128183446415596"
"561500","23,36356790260266"
"92500","7,827020028122641"
"498000","20,888025105963536"
"305500","14,131191100338643"
"199000","10,83049765724948"
"49500","6,762151512516455"
"455000","19,284027115024074"
"262500","12,763350718436879"
"156000","9,579111227414343"
"518500","21,673044152086586"
"6500","5,7533295298057645"
"412000","17,736091360123652"
"113000","8,377302190130559"
"475500","20,04160817161805"
"369000","16,242257137165343"
"219500","11,443367363335968"
"539000","22,471491870496223"
"70000","7,249853308390738"
"432500","18,46719390943253"
"326000","14,800632049005214"
"176500","10,169901716606343"
"27000","6,277318554437423"
"582000","24,19093424675718"
"389500","16,94780727845644"
"283000","13,409391537149482"
"133500","8,943420212934317"
"346500","15,481523571596512"
"240000","12,066791663422272"
"559500","23,283598048388747"
"90500","7,774402890552354"
"496000","20,812148357412873"
"303500","14,066485624594216"
"197000","10,771266991470366"
"47500","6,71707173762986"
"453000","19,21080240026707"
"154000","9,52205161041212"
"516500","21,595869446934476"
"4500","5,662424592311993"
"410000","17,66542593599752"
"260500","12,700907324455228"
"111000","8,322841067873217"
"473500","19,967130885579664"
"367000","16,1740614865597"
"217500","11,383112399242933"
"537000","22,392996998044797"
"68000","7,200404779963474"
"430500","18,39531971915839"
"324000","14,73481978940703"
"174500","10,111794456652067"
"25000","6,235102452144606"
"580000","24,10959639712604"
"387500","16,878445143268628"
"281000","13,345879543853794"
"131500","8,887604068912395"
"344500","15,414585620942457"
"238000","12,00550162190343"
"557500","23,203760418720382"
"88500","7,722008229370905"
"494000","20,736397063629198"
"301500","14,001887129897984"
"195000","10,712135963699275"
"45500","6,672461517404051"
"600500","24,94972462052034"
"451000","19,137698753384967"
"152000","9,46509710936558"
"514500","21,518822343389065"
"2500","5,529401326138257"
"408000","17,594877345522953"
"258500","12,638567254870772"
"109000","8,268532261704273"
"471500","19,89277673944812"
"365000","16,10597858272346"
"215500","11,32295774335962"
"535000","22,31463191068528"
"66000","7,151320765464684"
"428500","18,3235643624928"
"322000","14,669116335068285"
"172500","10,053787792687599"
"23000","6,192425636084062"
"578000","24,028393034485227"
"385500","16,809197685152487"
"279000","13,282472581256517"
"129500","8,831907567491587"
"342500","15,347758336223258"
"236000","11,944313177947937"
"555500","23,124054794916304"
"86500","7,669845783899575"
"492000","20,66077101710286"
"299500","13,937395440460472"
"193000","10,653104565618204"
"43500","6,628314251413651"
"598500","24,867132156614062"
"449000","19,064715974095883"
"150000","9,408248491929665"
"512500","21,441902630399703"
"500","5,230145896608726"
"406000","17,524445395382113"
"256500","12,576330348488359"
"107000","8,214380592393685"
"469500","19,818545529529267"
"363000","16,038008239089464"
"213500","11,262903294845607"
"64000","7,102616343864676"
"533000","22,23639639376367"
"426500","18,251927642829664"
"320000","14,603521506336426"
"170500","9,99588196187301"
"21000","6,149020336217106"
"576000","23,947323936417284"
"383500","16,740064714340456"
"277000","13,219170479336116"
"127500","8,776332835552846"
"340500","15,28104153440676"
"234000","11,883226190132481"
"553500","23,04448095865628"
"84500","7,617925884815303"
"490000","20,585270010666385"
"297500","13,87301038091836"
"191000","10,59417280278295"
"41500","6,584616503503556"
"596500","24,78467625458304"
"447000","18,99185386244752"
"148000","9,351506604580582"
"510500","21,3651100972639"
"404000","17,45412989257507"
"254500","12,514196445307515"
"105000","8,160391254213293"
"467500","19,744437052464534"
"361000","15,970150269402513"
"211500","11,202948958888953"
"62000","7,054306519743731"
"531000","22,158290232980274"
"424500","18,180409363886177"
"318000","14,53803512390661"
"168500","9,938077236069889"
"19000","6,104526822215911"
"574000","23,866388880872112"
"381500","16,67104604137809"
"275000","13,1559730687286"
"125500","8,720882186122617"
"338500","15,214435032780411"
"232000","11,822240519718807"
"551500","22,965038691980553"
"82500","7,566259463019034"
"488000","20,509893837493856"
"295500","13,808731776346923"
"189000","10,535340695804285"
"39500","6,541346346726605"
"594500","24,70235668858269"
"445000","18,91911221881673"
"146000","9,294872379062259"
"508500","21,28844453362678"
"402000","17,3839306444193"
"252500","12,452165386604872"
"103000","8,106569837910165"
"465500","19,670451105230377"
"359000","15,902404487719458"
"209500","11,143094647212795"
"60000","7,006405996370841"
"529000","22,080313214389133"
"422500","18,10900932970226"
"316000","14,472657008826399"
"166500","9,88037392476664"
"17000","6,058478388824618"
"572000","23,785587646166327"
"379500","16,602141477123897"
"273000","13,092880180761517"
"123500","8,66555813243513"
"336500","15,147938648952792"
"230000","11,761356030868175"
"549500","22,885727777289276"
"80500","7,514858052571892"
"486000","20,43464229110034"
"293500","13,744559452273634"
"187000","10,47660828162963"
"37500","6,498471439894283"
"592500","24,6201732331415"
"443000","18,84649084390884"
"144000","9,238346839328742"
"506500","21,211905729480492"
"400000","17,313847458549212"
"250500","12,390237015023928"
"101000","8,052922354181554"
"463500","19,596587485137682"
"357000","15,834770708409527"
"207500","11,083340278626013"
"58000","6,958928894330098"
"527000","22,00246512439735"
"420500","18,037727344640057"
"314000","14,407386982500899"
"164500","9,822772378244213"
"15000","6,010267332942135"
"570000","23,704920010982626"
"377500","16,533350832748965"
"271000","13,029891647490993"
"121500","8,610363402882777"
"334500","15,08155220085532"
"228000","11,700572590874792"
"547500","22,806547997341816"
"78500","7,463733786127963"
"484000","20,359515165341314"
"291500","13,680493234693174"
"185000","10,417975614933676"
"35500","6,455946692005378"
"590500","24,53812566316045"
"441000","18,773989538757107"
"142000","9,18193110901557"
"504500","21,13549347516357"
"398000","17,243880142915636"
"248500","12,328411174672915"
"99000","7,999455257459528"
"461500","19,52284598983113"
"355000","15,7672487461546"
"205500","11,02368577962152"
"56000","6,911888405455841"
"525000","21,92474574976454"
"418500","17,96656321338337"
"312000","14,34222486669862"
"162500","9,765272991000893"
"13000","5,959121807759646"
"568000","23,62438575436922"
"375500","16,46467391973674"
"269000","12,967007301742182"
"119500","8,555300956879378"
"332500","15,015275506744281"
"226000","11,639890070419735"
"545500","22,72749913525623"
"76500","7,412899380989684"
"482000","20,28451225441205"
"289500","13,616532950083771"
"183000","10,359442769626755"
"33500","6,413711523267477"
"588500","24,456213753912294"
"439000","18,70160810472216"
"140000","9,125626419474148"
"502500","21,05920756136043"
"396000","17,174028505785415"
"246500","12,266687711231228"
"97000","7,946175469759247"
"459500","19,449226417288685"
"353000","15,699838415949644"
"203500","10,964131085026287"
"54000","6,865296370042303"
"416500","17,89551674093711"
"310000","14,277170483557713"
"160500","9,70787620545601"
"11000","5,903884065789953"
"566000","23,543984655739216"
"373500","16,39611054988284"
"267000","12,904226977153318"
"117500","8,500374001654567"
"523000","21,84715487760225"
"330500","14,949108385202901"
"224000","11,579308343847153"
"543500","22,648580974508583"
"74500","7,3623681135574195"
"480000","20,20963335284705"
"287500","13,552678425425063"
"181000","10,301009840490796"
"31500","6,371686409967661"
"586500","24,374437281040947"
"437000","18,62934634349144"
"138000","9,069434118404475"
"500500","20,98304777910071"
"394000","17,104292355740952"
"244500","12,20506647206551"
"95000","7,893090404280713"
"457500","19,37572856582098"
"351000","15,632539533103191"
"201500","10,904676138707533"
"52000","6,819162750569005"
"414500","17,82458773262679"
"308000","14,212223655592975"
"158500","9,650582515953785"
"9000","5,842793558075577"
"564000","23,46371649486998"
"371500","16,327660535294925"
"265000","12,841550508223879"
"115500","8,44558600999012"
"521000","21,769692295373346"
"328500","14,883050655143943"
"222000","11,51882728946467"
"541500","22,569793298932467"
"72500","7,3121537795288365"
"478000","20,134878255519467"
"285500","13,488929488217646"
"179000","10,242676944953118"
"29500","6,329768731519902"
"584500","24,292796020560957"
"435000","18,557204057078614"
"136000","9,013355679122558"
"498500","20,907013919758704"
"392000","17,034671501679767"
"242500","12,14354730635597"
"93000","7,840207988376667"
"455500","19,302352234070753"
"349000","15,565351913237999"
"199500","10,84532089433981"
"50000","6,773495054496223"
"412500","17,753775994097975"
"306000","14,1473842057035"
"156500","9,593392473089757"
"7000","5,772818548169613"
"562000","23,38358105190251"
"369500","16,2593236883925"
"263000","12,778977730366975"
"113500","8,390940738898413"
"519000","21,69235779089137"
"326500","14,81710213581233"
"220000","11,458446789870115"
"539500","22,49113589271824"
"70500","7,262270636717149"
"476000","20,060246757640485"
"283500","13,425285966504493"
"177000","10,184444225009393"
"27500","6,287826165798075"
"582500","24,211289748856764"
"433000","18,485181047823012"
"134000","8,957392710499128"
"496500","20,831105775052755"
"390000","16,96516575281408"
"240500","12,082130065233827"
"91000","7,787536685408377"
"453500","19,22909722101228"
"347000","15,498275372291747"
"197500","10,786065316238034"
"48000","6,728297533731229"
"410500","17,683081331315748"
"304000","14,082651957181078"
"154500","9,536306688383732"
"5000","5,687631632410204"
"560000","23,303578107340904"
"367500","16,191099821906846"
"261000","12,716508479966576"
"111500","8,336442249230618"
"517000","21,615151152320053"
"324500","14,751262646788248"
"218000","11,398166732306807"
"537500","22,41260854041257"
"68500","7,2127333267878715"
"474000","19,985738654758805"
"281500","13,361747688894273"
"175000","10,126311849307651"
"25500","6,245692550606286"
"580500","24,129918242682223"
"431000","18,413277118389086"
"601000","24,970394100791637"
"132000","8,901546967607274"
"494500","20,755323137044755"
"388000","16,895774918670426"
"238500","12,020814601931118"
"89000","7,735085514902471"
"451500","19,155963325950772"
"345000","15,431309726517885"
"195500","10,726909380262107"
"46000","6,683570306020114"
"408500","17,612503550564266"
"302000","14,018026733719452"
"152500","9,47932583932469"
"3000","5,5695988242715675"
"558000","23,223707442051637"
"365500","16,122988748881106"
"259000","12,65414259443982"
"109500","8,282094926186275"
"515000","21,538072168172572"
"322500","14,68553200799056"
"216000","11,337987009049801"
"535500","22,33421102691774"
"66500","7,1635567715476185"
"472000","19,911353742760006"
"279500","13,298314484586907"
"173000","10,068280015406483"
"23500","6,203150889773934"
"578500","24,04868127915982"
"429000","18,34149207176582"
"130000","8,845820363115813"
"599000","24,887767461084565"
"492500","20,679665798139386"
"386000","16,82649880908932"
"236500","11,959600771943643"
"87000","7,682864070293795"
"449500","19,08295034852183"
"343000","15,364454792486683"
"193500","10,667853074799059"
"44000","6,639308269350666"
"406500","17,54204245844615"
"300000","13,953508359424418"
"150500","9,42245067481442"
"1000","5,343210093690884"
"556000","23,143968837263092"
"363500","16,05499028267017"
"257000","12,591879912304965"
"107500","8,2279035006761"
"513000","21,46112062731115"
"320500","14,619910039680462"
"214000","11,27790751782591"
"64500","7,114756038639782"
"533500","22,25594313749108"
"470000","19,837091817865943"
"277500","13,234986183401404"
"171000","10,010348952221147"
"21500","6,1599581444890426"
"576500","23,9675786357802"
"427000","18,2698257112662"
"128000","8,790214979465244"
"597000","24,80527743977224"
"490500","20,6041335510837"
"384000","16,757337234224845"
"234500","11,898488433208303"
"85000","7,630882533387935"
"447500","19,010058088690798"
"341000","15,297710387086322"
"191500","10,608896401829282"
"42000","6,595499835311489"
"404500","17,471697861882028"
"298000","13,88909665882501"
"148500","9,365682021038122"
"554000","23,06436207456485"
"361500","15,987104236940812"
"255000","12,529720273255405"
"105500","8,173873071465861"
"511000","21,38429631894629"
"318500","14,554396562465776"
"212000","11,217928162270201"
"62500","7,066346170591169"
"531500","22,177804657744375"
"468000","19,762952676634207"
"275500","13,171762615806323"
"169000","9,952518922672606"
"19500","6,115775362871216"
"574500","23,88661009040146"
"425000","18,198277840526664"
"126000","8,734733081861366"
"595000","24,722923810916736"
"488500","20,52872618896646"
"382000","16,6882900045443"
"232500","11,83747744629617"
"83000","7,579151684498102"
"445500","18,937286346752316"
"339000","15,231076327524205"
"189500","10,550039378083696"
"40000","6,552125369717341"
"402500","17,401469568110087"
"296000","13,824791456885611"
"146500","9,309020787791876"
"552000","22,984886935907085"
"359500","15,919330425671877"
"253000","12,467663518240386"
"103500","8,120009127999719"
"509000","21,307599032636297"
"316500","14,488991397305497"
"210000","11,158048852422223"
"60500","7,018341970087937"
"529500","22,09979537364329"
"466000","19,688936115957574"
"273500","13,108643612952996"
"167000","9,894790226555479"
"17500","6,070170540367226"
"572500","23,805775421248626"
"423000","18,126848263506478"
"124000","8,679377132120026"
"593000","24,640706348953348"
"486500","20,45344350521753"
"380000","16,619356930827976"
"230500","11,776567674622498"
"81000","7,52768290700093"
"443500","18,864634923329632"
"337000","15,164552431328477"
"187500","10,491282036299602"
"38000","6,509155334792888"
"400500","17,331357384685543"
"294000","13,760592579019306"
"144500","9,252467975297984"
"550000","22,90554320360004"
"357500","15,851668663154463"
"251000","12,405709489552834"
"101500","8,066317573765918"
"507000","21,231028558286575"
"314500","14,42369436551482"
"208000","11,098269505265238"
"58500","6,970757733111181"
"527500","22,02191507150671"
"464000","19,615041933063353"
"271500","13,045629006711742"
"165000","9,83716320364195"
"15500","6,022558595210432"
"570500","23,725074406912903"
"421000","18,055536784487295"
"122000","8,624149803392921"
"591000","24,55862482868995"
"484500","20,378285293607334"
"378000","16,550537824168853"
"228500","11,715758984675292"
"79000","7,476488184808115"
"441500","18,792103619374075"
"335000","15,098138516349668"
"185500","10,432624426583205"
"36000","6,466548069740515"
"398500","17,261361119480156"
"292000","13,69649985110248"
"142500","9,19602468154099"
"548000","22,826330660313303"
"355500","15,784118763992245"
"249000","12,343858030925176"
"99500","8,012804750024765"
"505000","21,154584686149146"
"312500","14,35850528877084"
"206000","11,038590045312315"
"56500","6,92360692009784"
"525500","21,94416353800619"
"462000","19,541269925512843"
"269500","12,982718629711467"
"163000","9,779638237039997"
"13500","5,972239140468538"
"568500","23,644506826351183"
"419000","17,984343208072552"
"589000","24,47667902530643"
"120000","8,569053995800658"
"482500","20,303251348246256"
"376000","16,481832495972302"
"226500","11,65505124626392"
"77000","7,425580090960233"
"439500","18,71969223616449"
"333000","15,031834400762655"
"183500","10,374066617887735"
"34000","6,424247156605743"
"396500","17,19148058068182"
"290000","13,63251309949088"
"140500","9,13969211015799"
"546000","22,74724908907534"
"353500","15,716680543101877"
"247000","12,282108987633519"
"97500","7,9594774596673705"
"503000","21,078267206822005"
"310500","14,293423989118667"
"204000","10,97901040524297"
"54500","6,876901753569838"
"460000","19,467619891200727"
"267500","12,919912315382792"
"161000","9,722215756825424"
"523500","21,86654056016534"
"11500","5,918159112382719"
"566500","23,564072458885427"
"417000","17,913267339186937"
"587000","24,394868714353997"
"118000","8,514092852993027"
"480500","20,228341463584044"
"374000","16,41324075795592"
"224500","11,59444433278958"
"75000","7,374971765208345"
"437500","18,647400575306673"
"331000","14,965639903068706"
"181500","10,315608699616483"
"32000","6,38217816853367"
"394500","17,121715576794077"
"288000","13,568632151037022"
"138500","9,083471578918438"
"544000","22,668298273272768"
"351500","15,64935381571345"
"245000","12,220462206611273"
"95500","7,9063429909121155"
"501000","21,002075911248554"
"308500","14,228450288978234"
"202000","10,919530526594917"
"52500","6,83065271857803"
"458000","19,394091628354538"
"265500","12,857209898005145"
"159000","9,664896243968629"
"521500","21,789045925359254"
"9500","5,858748156601848"
"564500","23,48377108420197"
"415000","17,842308983075842"
"585000","24,31319367175456"
"116000","8,459269779649361"
"478500","20,15355543440927"
"372000","16,34476242214936"
"222500","11,533938121539453"
"73000","7,324676878049077"
"435500","18,575228438732772"
"329000","14,899554842097956"
"179500","10,257250783361176"
"30000","6,340244698078738"
"392500","17,052065916635716"
"286000","13,50485683310932"
"136500","9,02736452882944"
"542000","22,589477996649848"
"349500","15,582138397371104"
"243000","12,158917536572808"
"93500","7,853409140471995"
"499000","20,92601059071695"
"306500","14,163584011151837"
"200000","10,860150360515442"
"50500","6,784868002502913"
"456000","19,320684935534047"
"263500","12,794611212758062"
"157000","9,607680234578188"
"519500","21,71167942131386"
"7500","5,791398939164955"
"562500","23,403602482350976"
"413000","17,7714679453049"
"583000","24,231653673800167"
"114000","8,40458845992208"
"476500","20,07889305584861"
"370000","16,276397300894175"
"220500","11,473532494006673"
"71000","7,274709578211324"
"433500","18,503175628700756"
"327000","14,833579037012015"
"177500","10,198993004786518"
"28000","6,298322287869029"
"390500","16,982531409340307"
"284000","13,44118697361306"
"134500","8,971372533903162"
"540000","22,51078804330781"
"347500","15,515034103933695"
"241000","12,097474828148052"
"91500","7,800684235738931"
"497000","20,850071036859596"
"304500","14,098824978832234"
"198000","10,800869868577454"
"48500","6,739552748460458"
"454000","19,24739961163069"
"155000","9,550568324484857"
"517500","21,6344408361054"
"5500","5,7109656754147125"
"560500","23,323566433745807"
"411000","17,70074403175935"
"261500","12,73211609577715"
"581000","24,150248497152365"
"112000","8,350052876814448"
"474500","20,00435412336649"
"368000","16,208145206843717"
"218500","11,41322733623823"
"69000","7,225084420044867"
"431500","18,431241947793865"
"325000","14,767712307306947"
"175500","10,140835525672797"
"26000","6,256256706660912"
"388500","16,913111864355855"
"282000","13,377622401013165"
"601500","24,991072133855262"
"132500","8,915497311623735"
"538000","22,432228197704283"
"345500","15,448040751575677"
"239000","12,036133934029094"
"89500","7,74817715542696"
"495000","20,77425704165254"
"302500","14,03417301561176"
"196000","10,741689023665677"
"46500","6,6947082011712125"
"452000","19,17423545586701"
"153000","9,493561174191036"
"515500","21,557329958159762"
"3500","5,604251243490774"
"558500","23,243662719162426"
"409000","17,63013704864361"
"259500","12,66972438421513"
"579000","24,068977918841544"
"110000","8,295667332468437"
"472500","19,929938432764295"
"366000","16,14000595296316"
"216500","11,353022539213224"
"67000","7,175816266621046"
"429500","18,359427198919988"
"323000","14,701954472816617"
"173500","10,082778536129204"
"24000","6,2138357905931905"
"386500","16,843807091444408"
"280000","13,314162944359236"
"130500","8,859740734150733"
"599500","24,90841130420292"
"536000","22,353798244652737"
"343500","15,381158156787986"
"237000","11,974894709129757"
"87500","7,695897347993496"
"493000","20,698568397414853"
"300500","13,969627945492224"
"194000","10,682607810938785"
"44500","6,650330677249938"
"450000","19,10119226779603"
"151000","9,436659514212106"
"513500","21,480346576251936"
"1500","5,4215473351532575"
"556500","23,163891119738768"
"407000","17,55964680248076"
"257500","12,607435916308269"
"577000","23,98784171626638"
"108000","8,24143646932001"
"470500","19,855645780179877"
"364000","16,071979352529453"
"214500","11,292917999254225"
"65000","7,126920163606421"
"427500","18,287731185311166"
"321000","14,636305353716248"
"171500","10,02482225699169"
"22000","6,170834522285684"
"384500","16,7746169006817"
"278000","13,250808433312756"
"128500","8,804104840296112"
"597500","24,82588714948819"
"534000","22,275497969321766"
"341500","15,314386136379213"
"235000","11,913757010759195"
"85500","7,64385484701241"
"491000","20,623004896808006"
"298500","13,905189592895727"
"192000","10,623626228874038"
"42500","6,606410338214211"
"448000","19,028269847300763"
"149000","9,37986415083759"
"511500","21,403490479505425"
"554500","23,0842514169742"
"405000","17,48927310011196"
"255500","12,545250531448904"
"575000","23,906839667193154"
"106000","8,187365292055974"
"468500","19,781475962086954"
"362000","16,00406521913137"
"212500","11,232913618474306"
"63000","7,078411178094798"
"425500","18,216153710523034"
"319000","14,570764770526608"
"169500","9,966966942419749"
"20000","6,126935637933387"
"382500","16,70554110245674"
"276000","13,187558698176902"
"126500","8,748591848310197"
"595500","24,743499443679735"
"532000","22,197327157234604"
"339500","15,247724507476823"
"233000","11,852720698810941"
"83500","7,592060282501256"
"489000","20,547566332835416"
"296500","13,840857782676611"
"190000","10,564744290400963"
"40500","6,562929728465653"
"446000","18,95546799459354"
"147000","9,323175972341517"
"509500","21,326761457391623"
"552500","23,00474339272879"
"403000","17,419015748696047"
"253500","12,483168070264345"
"573000","23,8259715497552"
"104000","8,133459190278828"
"466500","19,707428775294538"
"360000","15,936263366669747"
"210500","11,173009305263097"
"61000","7,030304195558323"
"423500","18,14469457843418"
"317000","14,50533254411843"
"167500","9,909212882708117"
"18000","6,081733069023949"
"380500","16,636579507471602"
"274000","13,124413569929033"
"124500","8,693204169510663"
"593500","24,661247961119614"
"530000","22,119285594268504"
"337500","15,181173087528636"
"231000","11,791785635968521"
"81500","7,540524887002869"
"487000","20,472252498841726"
"294500","13,776632340134475"
"188000","10,505962024131849"
"38500","6,519861975466444"
"444000","18,882786510215517"
"145000","9,266595955672777"
"507500","21,250159299729237"
"550500","22,92536682922282"
"401000","17,348874555709035"
"251500","12,421188374702954"
"571000","23,745237142452265"
"102000","8,079723961751922"
"464500","19,633504016946382"
"358000","15,868573609357568"
"208500","11,113204974814876"
"59000","6,982613666878898"
"421500","18,073353593245738"
"315000","14,440008495717365"
"165500","9,85156040733002"
"16000","6,034682252382076"
"378500","16,56773192674113"
"272000","13,061372880256132"
"122500","8,637944422785491"
"591500","24,57913247652262"
"528000","22,041373066654103"
"335500","15,114731694304405"
"229000","11,730951687929258"
"79500","7,489260494984047"
"485000","20,39706318851227"
"292500","13,712513091028443"
"186000","10,447279475696776"
"36500","6,477168682991598"
"442000","18,810225195036075"
"143000","9,210125173657897"
"505500","21,173683796683683"
"548500","22,846121509036088"
"399000","17,278849328943576"
"249500","12,359311288127852"
"569000","23,664636224149866"
"100000","8,026165836056396"
"462500","19,559701484520318"
"356000","15,800995761720351"
"206500","11,053500549702617"
"57000","6,935353296013993"
"419500","18,00213055948074"
"313000","14,374792446909472"
"163500","9,794009888230004"
"14000","5,9851237834538225"
"376500","16,498998171592596"
"270000","12,998436461593581"
"589500","24,497152764975695"
"120500","8,582815449997025"
"526000","21,96358936097485"
"333500","15,04840014589774"
"227000","11,670218723647709"
"77500","7,438279533834699"
"483000","20,321998195872496"
"290500","13,648499861592835"
"184000","10,38869670919198"
"34500","6,434797391913126"
"440000","18,737783850252217"
"141000","9,153764802749475"
"503500","21,097334738766506"
"546500","22,76700721510742"
"397000","17,208939876508595"
"247500","12,297536655418961"
"567000","23,58416857407874"
"98000","7,972791498442124"
"460500","19,486020975827767"
"354000","15,733529638596444"
"204500","10,993895960501607"
"55000","6,8885356571976555"
"417500","17,9310252819836"
"311000","14,309684219647238"
"161500","9,736561743385689"
"12000","5,932105559226748"
"374500","16,430378053665578"
"268000","12,935604147167314"
"587500","24,415308601937298"
"118500","8,527820332308968"
"524000","21,88593426416638"
"331500","14,98217826072809"
"225000","11,609586615600502"
"75500","7,387595004423372"
"481000","20,24705731528737"
"288500","13,584592478554242"
"182000","10,330213808750724"
"32500","6,392678527309338"
"438000","18,665462277388052"
"139000","9,097516131355315"
"501500","21,021111916834833"
"544500","22,68802373073394"
"395000","17,13914600682876"
"245500","12,235864323084176"
"565000","23,50383397183422"
"96000","7,9196081135960315"
"458500","19,412462289013092"
"352000","15,666175055137549"
"202500","10,934391146466979"
"53000","6,842171721559252"
"415500","17,860037565919605"
"309000","14,24468363625622"
"159500","9,679216440658742"
"10000","5,874217252315477"
"372500","16,36187138491173"
"266000","12,872875771039908"
"585500","24,33359976323667"
"116500","8,472962407450975"
"522000","21,808407563516"
"329500","14,916065857543135"
"223000","11,54905524007436"
"73500","7,337220448780853"
"479000","20,172240341460803"
"286500","13,520790769150235"
"180000","10,271830880246865"
"30500","6,350721590387578"
"436000","18,59326027829421"
"137000","9,041380568783914"
"499500","20,945015122090652"
"542500","22,609170839570545"
"393000","17,06946752864406"
"243500","12,174294139380445"
"563000","23,423632197375525"
"94000","7,866623348980605"
"456500","19,339025222553047"
"350000","15,59893182680922"
"200500","10,874986056269734"
"51000","6,796270310787869"
"413500","17,78916721677436"
"307000","14,179790519442395"
"157500","9,62197450195716"
"8000","5,809192474102159"
"370500","16,293477977594627"
"264000","12,810251168160821"
"583500","24,252026025073423"
"114500","8,418245287926739"
"520000","21,731009046661963"
"327500","14,850062755421353"
"221000","11,488624477479444"
"71500","7,287169902033878"
"477000","20,097547069435016"
"284500","13,457094561149793"
"178000","10,21354805314175"
"28500","6,308809749016724"
"434000","18,52117765514724"
"135000","8,985359654842867"
"497500","20,869044146080398"
"540500","22,530448325629294"
"391000","16,999904251009433"
"241500","12,112825954445551"
"561000","23,343563031025305"
"92000","7,813845397311917"
"454500","19,265709575256217"
"348000","15,531799769391572"
"198500","10,815680648796135"
"49000","6,750837406273446"
"411500","17,718414040353252"
"305000","14,115004692300085"
"155500","9,564836507731862"
"6000","5,73277799898852"
"368500","16,225197644289686"
"262000","12,747730174421122"
"581500","24,17058716401678"
"112500","8,363672880159802"
"518000","21,653738501592976"
"325500","14,784168773774898"
"219000","11,428294212690052"
"69500","7,237457825184343"
"475000","20,022977294590035"
"282500","13,393503682875696"
"176000","10,155365482486166"
"26500","6,266796458593799"
"432000","18,449214210449128"
"133000","8,929455070127384"
"495500","20,793198780694247"
"538500","22,45185597327877"
"389000","16,930455983294316"
"239500","12,051459620441616"
"559000","23,263626253468935"
"90000","7,761282997646768"
"452500","19,192515146262423"
"346000","15,464778698980062"
"196500","10,756474894015827"
"47000","6,705875315471435"
"602000","25,011758723250985"
"409500","17,647777842780958"
"303000","14,050325978320837"
"153500","9,507803101832357"
"4000","5,63485991955264"
"366500","16,15703019788412"
"260000","12,685312626713245"
"579500","24,089282957004954"
"110500","8,3092494045571"
"516000","21,576595716647617"
"323500","14,718383732352851"
"217000","11,36806433541503"
"67500","7,188099014713705"
"473000","19,948530812643064"
"280500","13,330017963228903"
"174000","10,097283351089729"
"24500","6,224484881843518"
"430000","18,37736974702665"
"131000","8,873668647036178"
"493500","20,71747881816557"
"536500","22,373393567243536"
"387000","16,861122535182268"
"237500","11,990194991711313"
"557000","23,183821645753877"
"88000","7,708945454430807"
"450500","19,119441735042116"
"344000","15,39786843198641"
"194500","10,697368773924392"
"45000","6,6613816974498015"
"600000","24,92906368950305"
"407500","17,577258430500947"
"301000","13,985754201403106"
"151500","9,450874996747562"
"2000","5,481322967337906"
"364500","16,08897545157693"
"258000","12,622998362996018"
"577500","24,00811318134464"
"108500","8,254979416452596"
"514000","21,499580480513607"
"321500","14,652707451244742"
"215000","11,307934740600611"
"65500","7,139108484271973"
"471000","19,874207419647895"
"278500","13,266637231715231"
"172000","10,039301871871288"
"22500","6,181655214944517"
"428000","18,305644068030844"
"129000","8,818002381551622"
"491500","20,641884051070285"
"534500","22,295060892603452"
"385000","16,791903716670635"
"235500","11,929031924947875"
"555000","23,104148989289257"
"86000","7,656842653719984"
"448500","19,046489141395867"
"342000","15,331068785139681"
"192500","10,63836228356676"
"43000","6,617348369863967"
"598000","24,846505387258937"
"405500","17,506855610274894"
"299000","13,921289185862847"
"149500","9,394052979259303"
